{
	"ie": {
		"6": 0,
		"7": 0,
		"8": 0,
		"9": 0,
		"10": 0,
		"11": 0,
		"5.5": 0
	},
	"edge": {
		"12": 0,
		"13": 0,
		"14": 0,
		"15": 0.026260339223271936,
		"16": 0.06810097540197795,
		"17": 1.5547628590850093,
		"18": 0.1916125230406206
	},
	"firefox": {
		"2": 0,
		"3": 0,
		"4": 0,
		"5": 0,
		"6": 0,
		"7": 0,
		"8": 0,
		"9": 0,
		"10": 0,
		"11": 0,
		"12": 0,
		"13": 0,
		"14": 0,
		"15": 0,
		"16": 0,
		"17": 0,
		"18": 0,
		"19": 0,
		"20": 0,
		"21": 0,
		"22": 0,
		"23": 0,
		"24": 0,
		"25": 0,
		"26": 0,
		"27": 0,
		"28": 0,
		"29": 0,
		"30": 0,
		"31": 0,
		"32": 0,
		"33": 0,
		"34": 0,
		"35": 0,
		"36": 0,
		"37": 0,
		"38": 0,
		"39": 0,
		"40": 0,
		"41": 0,
		"42": 0,
		"43": 0,
		"44": 0,
		"45": 0,
		"46": 0,
		"47": 0,
		"48": 0,
		"49": 0,
		"50": 0,
		"51": 0,
		"52": 0.020103608974753637,
		"53": 0,
		"54": 0,
		"55": 0,
		"56": 0,
		"57": 0,
		"58": 0,
		"59": 0,
		"60": 0.049253841988146405,
		"61": 0,
		"62": 0,
		"63": 0.022867855208782262,
		"64": 0.8355562480131979,
		"65": 0.5159088653146152,
		"66": 0.45748275173173747,
		"67": 0.09888462664456946,
		"68": 0,
		"3.5": 0,
		"3.6": 0
	},
	"chrome": {
		"4": 0,
		"5": 0,
		"6": 0,
		"7": 0,
		"8": 0,
		"9": 0,
		"10": 0,
		"11": 0,
		"12": 0,
		"13": 0,
		"14": 0,
		"15": 0,
		"16": 0,
		"17": 0,
		"18": 0,
		"19": 0,
		"20": 0,
		"21": 0,
		"22": 0,
		"23": 0,
		"24": 0,
		"25": 0,
		"26": 0,
		"27": 0,
		"28": 0,
		"29": 0,
		"30": 0,
		"31": 0,
		"32": 0,
		"33": 0,
		"34": 0,
		"35": 0,
		"36": 0,
		"37": 0,
		"38": 0,
		"39": 0,
		"40": 0,
		"41": 0,
		"42": 0,
		"43": 0,
		"44": 0,
		"45": 0,
		"46": 0,
		"47": 0,
		"48": 0,
		"49": 0,
		"50": 0,
		"51": 0,
		"52": 0,
		"53": 0.03643779126674097,
		"54": 0,
		"55": 0.01696242007244838,
		"56": 0,
		"57": 0,
		"58": 0.031160593910868135,
		"59": 0.02751681478419404,
		"60": 0.041840636178706,
		"61": 0.03618649615455655,
		"62": 0.08292738702085875,
		"63": 0.16849337271965392,
		"64": 0.06960874607508447,
		"65": 0.12200377696553613,
		"66": 0.1928689986015427,
		"67": 0.2713987211591741,
		"68": 0.4681627939995753,
		"69": 0.2888637314559913,
		"70": 1.465427446703448,
		"71": 31.05228571751665,
		"72": 16.170840469067457,
		"73": 12.104006021030889,
		"74": 4.662780806581922,
		"75": 0.32505022761054786,
		"76": 0
	},
	"safari": {
		"4": 0,
		"5": 0,
		"6": 0,
		"7": 0,
		"8": 0,
		"9": 0.021234436979583528,
		"10": 0.11647528449747888,
		"11": 0.28961761679254455,
		"12": 4.294759114787838,
		"3.1": 0,
		"3.2": 0,
		"5.1": 0,
		"6.1": 0,
		"7.1": 0,
		"9.1": 0.11534445649264899,
		"10.1": 0.341258762346443,
		"11.1": 0.7659475019381136,
		"12.1": 0.8456080525005748,
		"TP": 0
	},
	"opera": {
		"9": 0,
		"11": 0,
		"12": 0,
		"15": 0,
		"16": 0,
		"17": 0,
		"18": 0,
		"19": 0,
		"20": 0,
		"21": 0,
		"22": 0,
		"23": 0,
		"24": 0,
		"25": 0,
		"26": 0,
		"27": 0,
		"28": 0,
		"29": 0,
		"30": 0,
		"31": 0,
		"32": 0,
		"33": 0,
		"34": 0,
		"35": 0,
		"36": 0,
		"37": 0,
		"38": 0,
		"39": 0,
		"40": 0,
		"41": 0,
		"42": 0,
		"43": 0,
		"44": 0,
		"45": 0,
		"46": 0,
		"47": 0,
		"48": 0,
		"49": 0,
		"50": 0,
		"51": 0,
		"52": 0,
		"53": 0,
		"54": 0,
		"55": 0,
		"56": 0,
		"57": 0.12011906362415298,
		"58": 0.16472394603688761,
		"9.5-9.6": 0,
		"10.0-10.1": 0,
		"10.5": 0,
		"10.6": 0,
		"11.1": 0,
		"11.5": 0,
		"11.6": 0,
		"12.1": 0
	},
	"ios_saf": {
		"8": 0,
		"3.2": 0,
		"4.0-4.1": 0,
		"4.2-4.3": 0,
		"5.0-5.1": 0,
		"6.0-6.1": 0,
		"7.0-7.1": 0,
		"8.1-8.4": 0,
		"9.0-9.2": 0.08757634659627053,
		"9.3": 0,
		"10.0-10.2": 0.5434256800988092,
		"10.3": 0,
		"11.0-11.2": 2.821038929382304,
		"11.3-11.4": 0,
		"12.0-12.1": 10.821521415997697,
		"12.2": 4.196125783255454
	},
	"op_mini": {
		"all": 0
	},
	"android": {
		"3": 0,
		"4": 0,
		"67": 0,
		"2.1": 0,
		"2.2": 0,
		"2.3": 0,
		"4.1": 0,
		"4.2-4.3": 0,
		"4.4": 0,
		"4.4.3-4.4.4": 0
	},
	"bb": {
		"7": 0,
		"10": 0
	},
	"op_mob": {
		"10": 0,
		"11": 0,
		"12": 0,
		"46": 0.021108789423491318,
		"11.1": 0,
		"11.5": 0,
		"12.1": 0
	},
	"and_chr": {
		"73": 0
	},
	"and_ff": {
		"66": 0.018595838301647113
	},
	"ie_mob": {
		"10": 0,
		"11": 0
	},
	"and_uc": {
		"11.8": 0
	},
	"samsung": {
		"4": 0,
		"5.0-5.4": 0.03580955348627991,
		"6.2-6.4": 0,
		"7.2-7.4": 0.10064369242986039,
		"8.2": 1.558657933323868,
		"9.2": 0.28961761679254455
	},
	"and_qq": {
		"1.2": 0
	},
	"baidu": {
		"7.12": 0
	},
	"kaios": {
		"2.5": 0
	}
}
