{
	"ie": {
		"6": 0,
		"7": 0,
		"8": 0,
		"9": 0,
		"10": 0,
		"11": 0,
		"5.5": 0
	},
	"edge": {
		"12": 0,
		"13": 0,
		"14": 0,
		"15": 0,
		"16": 0,
		"17": 0.050832898983470924,
		"18": 0.8461980386149561,
		"79": 0,
		"80": 0,
		"81": 0,
		"83": 0.09685321581466058,
		"84": 0.4211868772916163,
		"85": 0.24960972966608844,
		"86": 0.21252706540342117,
		"87": 0.10102125571440419
	},
	"firefox": {
		"2": 0,
		"3": 0,
		"4": 0,
		"5": 0,
		"6": 0,
		"7": 0,
		"8": 0,
		"9": 0,
		"10": 0,
		"11": 0,
		"12": 0,
		"13": 0,
		"14": 0,
		"15": 0,
		"16": 0,
		"17": 0,
		"18": 0,
		"19": 0,
		"20": 0,
		"21": 0,
		"22": 0,
		"23": 0,
		"24": 0,
		"25": 0,
		"26": 0,
		"27": 0,
		"28": 0,
		"29": 0,
		"30": 0,
		"31": 0,
		"32": 0,
		"33": 0,
		"34": 0,
		"35": 0,
		"36": 0,
		"37": 0,
		"38": 0,
		"39": 0,
		"40": 0,
		"41": 0,
		"42": 0,
		"43": 0,
		"44": 0,
		"45": 0,
		"46": 0,
		"47": 0,
		"48": 0,
		"49": 0,
		"50": 0,
		"51": 0,
		"52": 0,
		"53": 0,
		"54": 0,
		"55": 0,
		"56": 0,
		"57": 0,
		"58": 0,
		"59": 0,
		"60": 0,
		"61": 0,
		"62": 0,
		"63": 0,
		"64": 0,
		"65": 0,
		"66": 0,
		"67": 0,
		"68": 0,
		"69": 0,
		"70": 0,
		"71": 0.13599841528544843,
		"72": 0.3312087788373575,
		"73": 0.10617759373470555,
		"74": 0.12431071577276534,
		"75": 0.0916109388273542,
		"76": 0.07743100927152546,
		"77": 0.08989215948725375,
		"78": 0.23852360292244051,
		"79": 0.29017292209245915,
		"80": 0.16521766406715613,
		"81": 0.14966271103924703,
		"82": 0.11141987072201193,
		"83": 0.0923843895303994,
		"84": 0,
		"85": 0,
		"3.5": 0,
		"3.6": 0
	},
	"chrome": {
		"4": 0,
		"5": 0,
		"6": 0,
		"7": 0,
		"8": 0,
		"9": 0,
		"10": 0,
		"11": 0,
		"12": 0,
		"13": 0,
		"14": 0,
		"15": 0,
		"16": 0,
		"17": 0,
		"18": 0,
		"19": 0,
		"20": 0,
		"21": 0,
		"22": 0,
		"23": 0,
		"24": 0,
		"25": 0,
		"26": 0,
		"27": 0,
		"28": 0,
		"29": 0,
		"30": 0,
		"31": 0,
		"32": 0,
		"33": 0,
		"34": 0,
		"35": 0,
		"36": 0,
		"37": 0,
		"38": 0,
		"39": 0,
		"40": 0,
		"41": 0,
		"42": 0,
		"43": 0,
		"44": 0,
		"45": 0,
		"46": 0,
		"47": 0,
		"48": 0,
		"49": 0,
		"50": 0,
		"51": 0,
		"52": 0,
		"53": 0,
		"54": 0,
		"55": 0,
		"56": 0,
		"57": 0,
		"58": 0,
		"59": 0,
		"60": 0,
		"61": 0,
		"62": 0,
		"63": 0,
		"64": 0,
		"65": 0,
		"66": 0,
		"67": 0,
		"68": 0,
		"69": 0.0412507041624109,
		"70": 0.0541415492131643,
		"71": 0.0348482511205367,
		"72": 0.07957948344665103,
		"73": 0.08052481208370628,
		"74": 0.17402640818517096,
		"75": 0.11722075099485098,
		"76": 0.22713668979427498,
		"77": 0.15872927205827692,
		"78": 0.8331353156301926,
		"79": 14.520505682069652,
		"80": 8.077962112087617,
		"81": 2.8326342914525533,
		"83": 6.819171092881547,
		"84": 16.294844564338852,
		"85": 7.042612407094606,
		"86": 6.786428346452633,
		"87": 1.9412323561929554,
		"88": 0,
		"89": 0,
		"90": 0
	},
	"safari": {
		"4": 0,
		"5": 0,
		"6": 0,
		"7": 0,
		"8": 0,
		"9": 0,
		"10": 0,
		"11": 0.04009052810784309,
		"12": 0.19237437764074333,
		"13": 2.878482730349733,
		"14": 0.8754172873966638,
		"3.1": 0,
		"3.2": 0,
		"5.1": 0,
		"6.1": 0,
		"7.1": 0,
		"9.1": 0,
		"10.1": 0.03231305159388853,
		"11.1": 0.14957677207224201,
		"12.1": 0.7188364895135124,
		"13.1": 3.9913923530647772,
		"TP": 0
	},
	"opera": {
		"9": 0,
		"11": 0,
		"12": 0,
		"15": 0,
		"16": 0,
		"17": 0,
		"18": 0,
		"19": 0,
		"20": 0,
		"21": 0,
		"22": 0,
		"23": 0,
		"24": 0,
		"25": 0,
		"26": 0,
		"27": 0,
		"28": 0,
		"29": 0,
		"30": 0,
		"31": 0,
		"32": 0,
		"33": 0,
		"34": 0,
		"35": 0,
		"36": 0,
		"37": 0,
		"38": 0,
		"39": 0,
		"40": 0,
		"41": 0,
		"42": 0,
		"43": 0,
		"44": 0,
		"45": 0,
		"46": 0,
		"47": 0,
		"48": 0,
		"49": 0,
		"50": 0,
		"51": 0,
		"52": 0,
		"53": 0,
		"54": 0,
		"55": 0,
		"56": 0,
		"57": 0,
		"58": 0,
		"60": 0,
		"62": 0,
		"63": 0,
		"64": 0,
		"65": 0.028703614979677584,
		"66": 0.031324753473330774,
		"67": 0,
		"68": 0.02960597413323032,
		"69": 0.026684049255059548,
		"70": 0.030293485869270505,
		"71": 0,
		"72": 0,
		"9.5-9.6": 0,
		"10.0-10.1": 0,
		"10.5": 0,
		"10.6": 0,
		"11.1": 0,
		"11.5": 0,
		"11.6": 0,
		"12.1": 0
	},
	"ios_saf": {
		"8": 0,
		"3.2": 0,
		"4.0-4.1": 0,
		"4.2-4.3": 0,
		"5.0-5.1": 0,
		"6.0-6.1": 0,
		"7.0-7.1": 0,
		"8.1-8.4": 0,
		"9.0-9.2": 0,
		"9.3": 0,
		"10.0-10.2": 0.030895058638305665,
		"10.3": 0,
		"11.0-11.2": 0.23066018744148092,
		"11.3-11.4": 0,
		"12.0-12.1": 1.506338213664038,
		"12.2-12.4": 0,
		"13.0-13.1": 12.782175226975554,
		"13.2": 0,
		"13.3": 0,
		"13.4-13.7": 0,
		"14.0-14.2": 4.6201218356735225
	},
	"op_mini": {
		"all": 0
	},
	"android": {
		"3": 0,
		"4": 0,
		"81": 0,
		"2.1": 0,
		"2.2": 0,
		"2.3": 0,
		"4.1": 0,
		"4.2-4.3": 0,
		"4.4": 0,
		"4.4.3-4.4.4": 0
	},
	"bb": {
		"7": 0,
		"10": 0
	},
	"op_mob": {
		"10": 0,
		"11": 0,
		"12": 0,
		"59": 0,
		"11.1": 0,
		"11.5": 0,
		"12.1": 0
	},
	"and_chr": {
		"87": 0
	},
	"and_ff": {
		"83": 0
	},
	"ie_mob": {
		"10": 0,
		"11": 0
	},
	"and_uc": {
		"12.12": 0
	},
	"samsung": {
		"4": 0,
		"5.0-5.4": 0,
		"6.2-6.4": 0,
		"7.2-7.4": 0,
		"8.2": 0,
		"9.2": 0,
		"10.1": 0.05586032855326476,
		"11.1-11.2": 0.1926321945417584,
		"12.0": 0,
		"13.0": 0
	},
	"and_qq": {
		"10.4": 0
	},
	"baidu": {
		"7.12": 0
	},
	"kaios": {
		"2.5": 0
	}
}
